frm,to,name,old,new,nse,date
2024/market_cap_June_2024.xlsx,2024/market_cap_December_2024.xlsx,KSB LIMITED,INE999A01015,INE999A01023,KSB,2024-07-25
2024/market_cap_June_2024.xlsx,2024/market_cap_December_2024.xlsx,Elecon Engineering Co.Ltd.,INE205B01023,INE205B01031,ELECON,2024-07-19
2024/market_cap_June_2024.xlsx,2024/market_cap_December_2024.xlsx,GODAWARI POWER AND ISPAT LTD.,INE177H01021,INE177H01039,GPIL,2024-10-04
2024/market_cap_June_2024.xlsx,2024/market_cap_December_2024.xlsx,KPI Green Energy Limited,INE542W01017,INE542W01025,KPIGREEN,2024-07-18
2024/market_cap_June_2024.xlsx,2024/market_cap_December_2024.xlsx,HEG Ltd.,INE545A01016,INE545A01024,HEG,2024-10-18
2024/market_cap_June_2024.xlsx,2024/market_cap_December_2024.xlsx,MAGELLANIC CLOUD LIMITED,INE613C01018,INE613C01026,,
2024/market_cap_June_2024.xlsx,2024/market_cap_December_2024.xlsx,PG Electroplast Limited,INE457L01011,INE457L01029,PGEL,2024-07-10
2024/market_cap_June_2024.xlsx,2024/market_cap_December_2024.xlsx,JTL INDUSTRIES LIMITED,INE391J01024,INE391J01032,JTLIND,2024-11-14
2024/market_cap_June_2024.xlsx,2024/market_cap_December_2024.xlsx,WPIL Ltd,INE765D01014,INE765D01022,,
2024/market_cap_June_2024.xlsx,2024/market_cap_December_2024.xlsx,Bondada Engineering Limited,INE0Q8P01011,INE0Q8P01029,,
2024/market_cap_June_2024.xlsx,2024/market_cap_December_2024.xlsx,Diamond Power Infrastructure Limited,INE989C01020,INE989C01038,DIACABS,2024-12-03
2024/market_cap_June_2024.xlsx,2024/market_cap_December_2024.xlsx,PC JEWELLER LIMITED,INE785M01013,INE785M01021,PCJEWELLER,2024-12-16
2024/market_cap_June_2024.xlsx,2024/market_cap_December_2024.xlsx,Filatex Fashions Ltd,INE185E01013,INE185E01021,FILATFASH,2024-08-09
2024/market_cap_June_2024.xlsx,2024/market_cap_December_2024.xlsx,Motisons Jewellers Limited,INE0FRK01012,INE0FRK01020,MOTISONS,2024-11-08
2024/market_cap_June_2024.xlsx,2024/market_cap_December_2024.xlsx,Balmer Lawrie Investments Ltd.,INE525F01017,INE525F01025,,
2024/market_cap_June_2024.xlsx,2024/market_cap_December_2024.xlsx,Master Trust Ltd.,INE677D01029,INE677D01037,MASTERTR,
2024/market_cap_June_2024.xlsx,2024/market_cap_December_2024.xlsx,Roto Pumps Ltd.,INE535D01029,INE535D01037,ROTO,2024-11-08
2024/market_cap_June_2024.xlsx,2024/market_cap_December_2024.xlsx,Vertoz Advertising Ltd.,INE188Y01015,INE188Y01023,VERTOZ,2024-07-05
2024/market_cap_June_2024.xlsx,2024/market_cap_December_2024.xlsx,CROPSTER AGRO LIMITED,INE293E01023,INE293E01031,,
2024/market_cap_June_2024.xlsx,2024/market_cap_December_2024.xlsx,Systematix Corporate Services Ltd.,INE356B01016,INE356B01024,,
2024/market_cap_June_2024.xlsx,2024/market_cap_December_2024.xlsx,Sportking India Ltd.,INE885H01011,INE885H01029,SPORTKING,2024-09-13
2024/market_cap_June_2024.xlsx,2024/market_cap_December_2024.xlsx,PANORAMA STUDIOS INTERNATIONAL LIMITED ,INE258R01010,INE258R01028,,
2024/market_cap_June_2024.xlsx,2024/market_cap_December_2024.xlsx,WONDER ELECTRICALS LIMITED,INE02WG01016,INE02WG01024,WEL,2024-11-12
2024/market_cap_June_2024.xlsx,2024/market_cap_December_2024.xlsx,Rushil Decor Limited,INE573K01017,INE573K01025,RUSHIL,2024-08-09
2024/market_cap_June_2024.xlsx,2024/market_cap_December_2024.xlsx,LINC LIMITED,INE802B01019,INE802B01027,LINC,2024-12-20
2024/market_cap_June_2024.xlsx,2024/market_cap_December_2024.xlsx,Pondy Oxides & Chemicals Limited,INE063E01046,INE063E01053,POCL,2024-10-16
2024/market_cap_June_2024.xlsx,2024/market_cap_December_2024.xlsx,Sukhjit Starch & Chemicals Ltd.,INE450E01011,INE450E01029,SUKHJITS,2024-10-25
2024/market_cap_June_2024.xlsx,2024/market_cap_December_2024.xlsx,IM+ Capitals Limited,INE417D01012,INE417D01020,,
2024/market_cap_June_2024.xlsx,2024/market_cap_December_2024.xlsx,ERAAYA LIFESPACES LIMITED,INE432F01024,INE432F01032,,
2024/market_cap_June_2024.xlsx,2024/market_cap_December_2024.xlsx,Hazoor Multi Projects Limited,INE550F01031,INE550F01049,,
2024/market_cap_June_2024.xlsx,2024/market_cap_December_2024.xlsx,Tara Chand InfraLogistic Solutions Ltd.,INE555Z01012,INE555Z01020,TARACHAND,2024-12-05
2024/market_cap_June_2024.xlsx,2024/market_cap_December_2024.xlsx,Remsons Industries Ltd.,INE474C01015,INE474C01023,REMSONSIND,2024-07-05
2024/market_cap_June_2024.xlsx,2024/market_cap_December_2024.xlsx,Nandan Denim Limited,INE875G01030,INE875G01048,NDL,2024-09-19
2024/market_cap_June_2024.xlsx,2024/market_cap_December_2024.xlsx,Global Education Ltd.,INE291W01029,INE291W01037,GLOBAL,2024-12-10
2024/market_cap_June_2024.xlsx,2024/market_cap_December_2024.xlsx,INTEGRATED INDUSTRIES LIMITED,INE882B01029,INE882B01037,,
2024/market_cap_June_2024.xlsx,2024/market_cap_December_2024.xlsx,STARLINEPS ENTERPRISES LIMITED,INE594W01034,INE594W01042,,
2024/market_cap_June_2024.xlsx,2024/market_cap_December_2024.xlsx,Exxaro Tiles Limited,INE0GFE01018,INE0GFE01026,EXXARO,2024-12-13
2024/market_cap_June_2024.xlsx,2024/market_cap_December_2024.xlsx,Shish Industries Limited,INE145Y01015,INE145Y01023,,
2024/market_cap_June_2024.xlsx,2024/market_cap_December_2024.xlsx,Josts Engineering Co. Ltd.,INE636D01033,INE636D01041,,
2024/market_cap_June_2024.xlsx,2024/market_cap_December_2024.xlsx,Premier Polyfilm Ltd.,INE309M01012,INE309M01020,PREMIERPOL,2024-11-05
2024/market_cap_June_2024.xlsx,2024/market_cap_December_2024.xlsx,Midland Polymers Ltd.,INE046M01028,INE046M01036,,
2024/market_cap_June_2024.xlsx,2024/market_cap_December_2024.xlsx,Almondz Global Securities Limited,INE326B01027,INE326B01035,ALMONDZ,2024-07-23
2024/market_cap_June_2024.xlsx,2024/market_cap_December_2024.xlsx,Kapston Services Ltd.,INE542Z01010,INE542Z01028,KAPSTON,2024-08-09
2024/market_cap_June_2024.xlsx,2024/market_cap_December_2024.xlsx,Milkfood Ltd.,INE588G01013,INE588G01021,,
2024/market_cap_June_2024.xlsx,2024/market_cap_December_2024.xlsx,Rajshree PolyPack Ltd.,INE760W01015,INE760W01023,RPPL,2024-09-17
2024/market_cap_June_2024.xlsx,2024/market_cap_December_2024.xlsx,Worth Investment & Trading Co Limited,INE114O01012,INE114O01020,,
2024/market_cap_June_2024.xlsx,2024/market_cap_December_2024.xlsx,Maruti Infrastructure Ltd.,INE392G01010,INE392G01028,,
2024/market_cap_June_2024.xlsx,2024/market_cap_December_2024.xlsx,Vantage Knowledge Academy Limited,INE427T01017,INE427T01025,,
2024/market_cap_June_2024.xlsx,2024/market_cap_December_2024.xlsx,Aartech Solonics Limited,INE01C001018,INE01C001026,AARTECH,2024-08-09
2024/market_cap_June_2024.xlsx,2024/market_cap_December_2024.xlsx,Swastika Investmart Ltd,INE691C01014,INE691C01022,,
2024/market_cap_June_2024.xlsx,2024/market_cap_December_2024.xlsx,ABans Enterprises Limited,INE365O01010,INE365O01028,,
2024/market_cap_June_2024.xlsx,2024/market_cap_December_2024.xlsx,RAJNISH RETAIL LIMITED,INE786J01025,INE786J01033,,
2024/market_cap_June_2024.xlsx,2024/market_cap_December_2024.xlsx,SUDARSHAN PHARMA INDUSTRIES LIMITED,INE00TV01015,INE00TV01023,,
2024/market_cap_June_2024.xlsx,2024/market_cap_December_2024.xlsx,POCL ENTERPRISES LTD,INE035S01010,INE035S01028,,
2024/market_cap_June_2024.xlsx,2024/market_cap_December_2024.xlsx,Vaishali Pharma Ltd.,INE972X01014,INE972X01022,VAISHALI,2024-10-15
2024/market_cap_June_2024.xlsx,2024/market_cap_December_2024.xlsx,Kaycee Industries Ltd.,INE813G01015,INE813G01023,,
2024/market_cap_June_2024.xlsx,2024/market_cap_December_2024.xlsx,THINKINK PICTUREZ LIMITED,INE365S01037,INE365S01045,,
2024/market_cap_June_2024.xlsx,2024/market_cap_December_2024.xlsx,Shradha AI Technologies Limited,INE489B01023,INE489B01031,,
2024/market_cap_June_2024.xlsx,2024/market_cap_December_2024.xlsx,CREDENT GLOBAL FINANCE LIMITED,INE727C01016,INE727C01024,,
2024/market_cap_June_2024.xlsx,2024/market_cap_December_2024.xlsx,Money Masters Leasing & Finance Limited,INE340O01013,INE340O01021,,
2024/market_cap_June_2024.xlsx,2024/market_cap_December_2024.xlsx,Srestha Finvest Limited,INE606K01023,INE606K01049,,
2024/market_cap_June_2024.xlsx,2024/market_cap_December_2024.xlsx,Achyut Healthcare Limited,INE0K1401012,INE0K1401020,,
2024/market_cap_June_2024.xlsx,2024/market_cap_December_2024.xlsx,VIVID MERCANTILE LIMITED,INE647Z01017,INE647Z01025,,
2024/market_cap_June_2024.xlsx,2024/market_cap_December_2024.xlsx,REAL ECO-ENERGY LIMITED,INE055E01026,INE055E01034,,
2024/market_cap_June_2024.xlsx,2024/market_cap_December_2024.xlsx,Aayush Food And Herbs Limited,INE430R01015,INE430R01023,,
2024/market_cap_June_2024.xlsx,2024/market_cap_December_2024.xlsx,Sacheta Metals Ltd.,INE433G01012,INE433G01020,,
2024/market_cap_June_2024.xlsx,2024/market_cap_December_2024.xlsx,NHC FOODS LIMITED,INE141C01028,INE141C01036,,
2024/market_cap_June_2024.xlsx,2024/market_cap_December_2024.xlsx,JAMSHRI REALTY LIMITED,INE462D01026,INE462D01034,,
2024/market_cap_June_2024.xlsx,2024/market_cap_December_2024.xlsx,Contil India Limited,INE080G01011,INE080G01029,,
2024/market_cap_June_2024.xlsx,2024/market_cap_December_2024.xlsx,COLORCHIPS NEW MEDIA LIMITED,INE621I01034,INE621I01042,,
2024/market_cap_June_2024.xlsx,2024/market_cap_December_2024.xlsx,Humming Bird Education Limited,INE02PC01019,INE02PC01027,,
2024/market_cap_June_2024.xlsx,2024/market_cap_December_2024.xlsx,Mayukh Dealtrade Limited,INE280E01020,INE280E01038,,
2024/market_cap_June_2024.xlsx,2024/market_cap_December_2024.xlsx,Onesource Ideas Venture Limited,INE125F01024,INE125F01032,,
2024/market_cap_June_2024.xlsx,2024/market_cap_December_2024.xlsx,Consecutive Investments & Trading Company Limited,INE187R01011,INE187R01029,,
2024/market_cap_June_2024.xlsx,2024/market_cap_December_2024.xlsx,SELLWIN TRADERS LIMITED,INE195F01019,INE195F01027,,
2024/market_cap_June_2024.xlsx,2024/market_cap_December_2024.xlsx,HARSHIL AGROTECH LIMITED,INE098E01018,INE098E01026,,
2024/market_cap_June_2024.xlsx,2024/market_cap_December_2024.xlsx,Quasar India Limited,INE855P01033,INE855P01041,,
2024/market_cap_June_2024.xlsx,2024/market_cap_December_2024.xlsx,Bridge Securities Ltd.,INE958C01017,INE958C01025,,
2024/market_cap_June_2024.xlsx,2024/market_cap_December_2024.xlsx,ACE ENGITECH LIMITED,INE035401012,INE035401020,,
2024/market_cap_June_2024.xlsx,2024/market_cap_December_2024.xlsx,Bio Green Papers Limited,INE958L01018,INE958L01026,,
2024/market_cap_June_2024.xlsx,2024/market_cap_December_2024.xlsx,East India Drums and Barrels Manufacturing Limited,INE191C01015,INE191C01023,,
2024/market_cap_June_2024.xlsx,2024/market_cap_December_2024.xlsx,NEW LIGHT APPARELS LIMTED,INE835U01019,INE835U01027,,
2024/market_cap_June_2024.xlsx,2024/market_cap_December_2024.xlsx,Omansh Enterprises Limited,INE378P01028,INE378P01036,,
2024/market_cap_June_2024.xlsx,2024/market_cap_December_2024.xlsx,G.R.Cables Ltd.,INE769B01010,INE769B01028,,
2024/market_cap_December_2024.xlsx,2025/market_cap_June_2025.xlsx,Bajaj Finance Limited,INE296A01024,INE296A01032,BAJFINANCE,2025-06-16
2024/market_cap_December_2024.xlsx,2025/market_cap_June_2025.xlsx,Shriram Finance Limited,INE721A01013,INE721A01047,SHRIRAMFIN,2025-01-10
2024/market_cap_December_2024.xlsx,2025/market_cap_June_2025.xlsx,Info Edge(India) Ltd.,INE663F01024,INE663F01032,NAUKRI,2025-05-07
2024/market_cap_December_2024.xlsx,2025/market_cap_June_2025.xlsx,COFORGE LIMITED,INE591G01017,INE591G01025,COFORGE,2025-06-04
2024/market_cap_December_2024.xlsx,2025/market_cap_June_2025.xlsx,JBM Auto Limited,INE927D01044,INE927D01051,JBMA,2025-01-31
2024/market_cap_December_2024.xlsx,2025/market_cap_June_2025.xlsx,Jai Balaji Industries Limited,INE091G01018,INE091G01026,JAIBALAJI,2025-01-17
2024/market_cap_December_2024.xlsx,2025/market_cap_June_2025.xlsx,NAVA LIMITED,INE725A01022,INE725A01030,NAVA,2025-01-20
2024/market_cap_December_2024.xlsx,2025/market_cap_June_2025.xlsx,Vesuvius India Ltd.,INE386A01015,INE386A01023,VESUVIUS,2025-06-10
2024/market_cap_December_2024.xlsx,2025/market_cap_June_2025.xlsx,Senco Gold Limited,INE602W01019,INE602W01027,SENCO,2025-01-31
2024/market_cap_December_2024.xlsx,2025/market_cap_June_2025.xlsx,INSOLATION ENERGY LIMITED,INE0LGX01016,INE0LGX01024,,
2024/market_cap_December_2024.xlsx,2025/market_cap_June_2025.xlsx,Ami Organics Limited,INE00FF01017,INE00FF01025,ACUTAAS,2025-04-25
2024/market_cap_December_2024.xlsx,2025/market_cap_June_2025.xlsx,Blue Cloud Softech Solutions Limited,INE373T01039,INE373T01047,,
2024/market_cap_December_2024.xlsx,2025/market_cap_June_2025.xlsx,IOL Chemicals & Pharmaceuticals Ltd,INE485C01011,INE485C01029,IOLCP,2025-03-11
2024/market_cap_December_2024.xlsx,2025/market_cap_June_2025.xlsx,Kamdhenu Limited,INE390H01012,INE390H01020,KAMDHENU,2025-01-08
2024/market_cap_December_2024.xlsx,2025/market_cap_June_2025.xlsx,AGI Infra Limited,INE976R01017,INE976R01025,AGIIL,2025-02-07
2024/market_cap_December_2024.xlsx,2025/market_cap_June_2025.xlsx,LAST MILE ENTERPRISES LIMITED,INE404B01014,INE404B01022,,
2024/market_cap_December_2024.xlsx,2025/market_cap_June_2025.xlsx,Jagsonpal Pharmaceuticals Limited,INE048B01027,INE048B01035,JAGSNPHARM,
2024/market_cap_December_2024.xlsx,2025/market_cap_June_2025.xlsx,Ksolves India Limited,INE0D6I01015,INE0D6I01023,KSOLVES,2025-02-06
2024/market_cap_December_2024.xlsx,2025/market_cap_June_2025.xlsx,CAPITAL INDIA FINANCE LIMITED,INE345H01016,INE345H01024,CIFL,
2024/market_cap_December_2024.xlsx,2025/market_cap_June_2025.xlsx,Sika Interplant Systems Ltd.,INE438E01016,INE438E01032,,
2024/market_cap_December_2024.xlsx,2025/market_cap_June_2025.xlsx,RDB Realty & Infrastructure Limited,INE245L01010,INE245L01028,,
2024/market_cap_December_2024.xlsx,2025/market_cap_June_2025.xlsx,Shardul Securities Ltd.,INE037B01012,INE037B01020,,
2024/market_cap_December_2024.xlsx,2025/market_cap_June_2025.xlsx,Mazda Ltd.,INE885E01034,INE885E01042,MAZDA,2025-01-28
2024/market_cap_December_2024.xlsx,2025/market_cap_June_2025.xlsx,Inertia Steel Limited,INE767M01011,INE767M01029,,
2024/market_cap_December_2024.xlsx,2025/market_cap_June_2025.xlsx,Akme Fintrade (India) Limited,INE916Y01019,INE916Y01027,AFIL,2025-04-17
2024/market_cap_December_2024.xlsx,2025/market_cap_June_2025.xlsx,MANGALAM GLOBAL ENTERPRISE LIMITED,INE0APB01024,INE0APB01032,MGEL,2025-03-04
2024/market_cap_December_2024.xlsx,2025/market_cap_June_2025.xlsx,Rama Phosphates Ltd.,INE809A01024,INE809A01032,RAMAPHO,2025-02-07
2024/market_cap_December_2024.xlsx,2025/market_cap_June_2025.xlsx,Coastal Corporation Limited,INE377E01016,INE377E01024,COASTCORP,2025-03-04
2024/market_cap_December_2024.xlsx,2025/market_cap_June_2025.xlsx,Shukra Pharmaceuticals Limited,INE551C01028,INE551C01044,,
2024/market_cap_December_2024.xlsx,2025/market_cap_June_2025.xlsx,NAVKAR URBANSTRUCTURE LIMITED,INE268H01036,INE268H01044,NAVKARURB,2025-05-09
2024/market_cap_December_2024.xlsx,2025/market_cap_June_2025.xlsx,T T Ltd,INE592B01016,INE592B01024,TTL,2025-02-12
2024/market_cap_December_2024.xlsx,2025/market_cap_June_2025.xlsx,Mehai Technology  Limited,INE062Y01012,INE062Y01020,,
2024/market_cap_December_2024.xlsx,2025/market_cap_June_2025.xlsx,REGIS INDUSTRIES LIMITED,INE745R01016,INE745R01024,,
2024/market_cap_December_2024.xlsx,2025/market_cap_June_2025.xlsx,United Polyfab Gujarat Ltd.,INE368U01011,INE368U01029,UNITEDPOLY,2025-05-02
2024/market_cap_December_2024.xlsx,2025/market_cap_June_2025.xlsx,Arunjyoti Bio Ventures Limited ,INE485K01014,INE485K01022,,
2024/market_cap_December_2024.xlsx,2025/market_cap_June_2025.xlsx,B.N.Rathi Securities Ltd.,INE710D01010,INE710D01028,,
2024/market_cap_December_2024.xlsx,2025/market_cap_June_2025.xlsx,Reliance Naval and Engineering Limited,INE542F01012,INE542F01020,SWANDEF,
2024/market_cap_December_2024.xlsx,2025/market_cap_June_2025.xlsx,COLAB CLOUD PLATFORMS LIMITED,INE317W01022,INE317W01030,,
2024/market_cap_December_2024.xlsx,2025/market_cap_June_2025.xlsx,Shalimar Agencies Limited,INE631E01016,INE631E01024,,
2024/market_cap_December_2024.xlsx,2025/market_cap_June_2025.xlsx,Virat Leasing Limited,INE347L01014,INE347L01022,,
2024/market_cap_December_2024.xlsx,2025/market_cap_June_2025.xlsx,Mohite Industries Limited,INE154B01015,INE154B01023,,
2024/market_cap_December_2024.xlsx,2025/market_cap_June_2025.xlsx,INDOSOLAR LIMITED,INE866K01015,INE866K01023,WAAREEINDO,
2024/market_cap_December_2024.xlsx,2025/market_cap_June_2025.xlsx,Optimus Finance Limited,INE031G01014,INE031G01022,,
2024/market_cap_December_2024.xlsx,2025/market_cap_June_2025.xlsx,Kiduja  India  Ltd,INE845A01010,INE845A01028,,
2024/market_cap_December_2024.xlsx,2025/market_cap_June_2025.xlsx,Murae Organisor Limited,INE060601023,INE060601031,,
2024/market_cap_December_2024.xlsx,2025/market_cap_June_2025.xlsx,Getalong Enterprise Limited,INE0H1201012,INE0H1201020,,
2024/market_cap_December_2024.xlsx,2025/market_cap_June_2025.xlsx,Padam Cotton Yarns Ltd.,INE448D01017,INE448D01025,,
2024/market_cap_December_2024.xlsx,2025/market_cap_June_2025.xlsx,Conart Engineers Ltd.,INE714D01012,INE714D01020,,
2024/market_cap_December_2024.xlsx,2025/market_cap_June_2025.xlsx,JULIEN AGRO INFRATECH LIMITED,INE890N01019,INE890N01027,,
2024/market_cap_December_2024.xlsx,2025/market_cap_June_2025.xlsx,Oasis Securities Limited,INE876A01015,INE876A01023,,
2024/market_cap_December_2024.xlsx,2025/market_cap_June_2025.xlsx,AA Plus Tradelink Limited,INE0C5901014,INE0C5901022,,
2024/market_cap_December_2024.xlsx,2025/market_cap_June_2025.xlsx,Sumeet Industries Ltd,INE235C01010,INE235C01028,SUMEETINDS,
2024/market_cap_December_2024.xlsx,2025/market_cap_June_2025.xlsx,Kapil Raj Finance Ltd.,INE332Q01015,INE332Q01023,,
2024/market_cap_December_2024.xlsx,2025/market_cap_June_2025.xlsx,Ascensive Educare Limited,INE0E4I01019,INE0E4I01027,,
2024/market_cap_December_2024.xlsx,2025/market_cap_June_2025.xlsx,SHANGAR DECOR LIMITED,INE118R01024,INE118R01032,,
2024/market_cap_December_2024.xlsx,2025/market_cap_June_2025.xlsx,Ranjeet Mechatronics Limited,INE01A501019,INE01A501027,,
2024/market_cap_December_2024.xlsx,2025/market_cap_June_2025.xlsx,Ajcon Global Services Ltd.,INE759C01019,INE759C01027,,
2024/market_cap_December_2024.xlsx,2025/market_cap_June_2025.xlsx,PRADHIN LIMITED,INE656B01019,INE656B01027,,
2024/market_cap_December_2024.xlsx,2025/market_cap_June_2025.xlsx,Enbee Trade & Finance Ltd.,INE993I01011,INE993I01029,,
2024/market_cap_December_2024.xlsx,2025/market_cap_June_2025.xlsx,ACS TECHNOLOGIES LIMITED,INE366C01013,INE366C01021,,
2024/market_cap_December_2024.xlsx,2025/market_cap_June_2025.xlsx,ETT Limited,INE546I01017,INE546I01025,,
2024/market_cap_December_2024.xlsx,2025/market_cap_June_2025.xlsx,Rajasthan Tube Mfg. Co,INE497E01012,INE497E01020,,
2024/market_cap_December_2024.xlsx,2025/market_cap_June_2025.xlsx,Bodhtree Consulting Limited,INE104F01011,INE104F01029,,
2024/market_cap_December_2024.xlsx,2025/market_cap_June_2025.xlsx,Softrak Venture Investments Ltd.,INE562E01013,INE562E01021,,
2024/market_cap_December_2024.xlsx,2025/market_cap_June_2025.xlsx,Mahan Industries Ltd.,INE735D01033,INE735D01041,,
2024/market_cap_December_2024.xlsx,2025/market_cap_June_2025.xlsx,Minolta Finance Ltd.,INE514C01018,INE514C01026,,
2024/market_cap_December_2024.xlsx,2025/market_cap_June_2025.xlsx,Shantai Industries Limited,INE408F01016,INE408F01024,,
2024/market_cap_December_2024.xlsx,2025/market_cap_June_2025.xlsx,ELITECON INTERNATIONAL LIMITED,INE669R01018,INE669R01026,,
2024/market_cap_December_2024.xlsx,2025/market_cap_June_2025.xlsx,Pace Automation Limited,INE413R01011,INE413R01029,,
2024/market_cap_December_2024.xlsx,2025/market_cap_June_2025.xlsx,COVIDH TECHNOLOGIES LIMITED,INE899M01012,INE899M01020,,
2024/market_cap_December_2024.xlsx,2025/market_cap_June_2025.xlsx,Blue Pearl Agriventures Limited,INE439N01023,INE439N01031,,
2024/market_cap_December_2024.xlsx,2025/market_cap_June_2025.xlsx,Cura Technologies Limited,INE117B01012,INE117B01020,CURAA,
2024/market_cap_December_2024.xlsx,2025/market_cap_June_2025.xlsx,Pervasive Commodities Limited,INE443P01020,INE443P01038,,
2024/market_cap_December_2024.xlsx,2025/market_cap_June_2025.xlsx,Mrugesh Trading Ltd.,INE738D01011,INE738D01029,,
2025/market_cap_June_2025.xlsx,2025/market_cap_December_2025.xlsx,Adani Power Limited,INE814H01011,INE814H01029,ADANIPOWER,2025-09-22
2025/market_cap_June_2025.xlsx,2025/market_cap_December_2025.xlsx,Tata Investment Corporation Ltd.,INE672A01018,INE672A01026,TATAINVEST,2025-10-14
2025/market_cap_June_2025.xlsx,2025/market_cap_December_2025.xlsx,Nuvama Wealth Management Limited,INE531F01015,INE531F01023,NUVAMA,2025-12-26
2025/market_cap_June_2025.xlsx,2025/market_cap_December_2025.xlsx,Computer Age Management Services Limited,INE596I01012,INE596I01020,CAMS,2025-12-05
2025/market_cap_June_2025.xlsx,2025/market_cap_December_2025.xlsx,BEML Ltd,INE258A01016,INE258A01024,BEML,2025-11-03
2025/market_cap_June_2025.xlsx,2025/market_cap_December_2025.xlsx,Zydus Wellness Limited,INE768C01010,INE768C01028,ZYDUSWELL,2025-09-18
2025/market_cap_June_2025.xlsx,2025/market_cap_December_2025.xlsx,Nazara Technologies Limited,INE418L01021,INE418L01047,NAZARA,2025-09-26
2025/market_cap_June_2025.xlsx,2025/market_cap_December_2025.xlsx,Mrs. Bectors Food Specialities Limited,INE495P01012,INE495P01020,BECTORFOOD,2025-12-12
2025/market_cap_June_2025.xlsx,2025/market_cap_December_2025.xlsx,Websol Energy System Limited,INE855C01015,INE855C01023,WEBELSOLAR,2025-11-14
2025/market_cap_June_2025.xlsx,2025/market_cap_December_2025.xlsx,Paras Defence and Space Technologies Limited,INE045601015,INE045601023,PARAS,2025-07-04
2025/market_cap_June_2025.xlsx,2025/market_cap_December_2025.xlsx,FISCHER MEDICAL VENTURES LIMITED,INE771F01025,INE771F01041,FISCHER,2025-09-12
2025/market_cap_June_2025.xlsx,2025/market_cap_December_2025.xlsx,India Glycols Ltd,INE560A01015,INE560A01023,INDIAGLYCO,2025-08-12
2025/market_cap_June_2025.xlsx,2025/market_cap_December_2025.xlsx,Bharat Rasayan Limited,INE838B01013,INE838B01021,BHARATRAS,2025-12-12
2025/market_cap_June_2025.xlsx,2025/market_cap_December_2025.xlsx,Rolex Rings Limited,INE645S01016,INE645S01024,ROLEXRINGS,2025-10-17
2025/market_cap_June_2025.xlsx,2025/market_cap_December_2025.xlsx,Gokul Agro Resources Ltd,INE314T01025,INE314T01033,GOKULAGRO,2025-10-14
2025/market_cap_June_2025.xlsx,2025/market_cap_December_2025.xlsx,Fineotex Chemical Limited,INE045J01026,INE045J01034,FCL,2025-10-31
2025/market_cap_June_2025.xlsx,2025/market_cap_December_2025.xlsx,AGI Infra Limited,INE976R01025,INE976R01033,AGIIL,2025-10-10
2025/market_cap_June_2025.xlsx,2025/market_cap_December_2025.xlsx,Indo Thai Securities Limited,INE337M01013,INE337M01021,INDOTHAI,2025-07-18
2025/market_cap_June_2025.xlsx,2025/market_cap_December_2025.xlsx,Steelcast Ltd.,INE124E01020,INE124E01038,STEELCAS,2025-08-29
2025/market_cap_June_2025.xlsx,2025/market_cap_December_2025.xlsx,RIR POWER ELECTRONICS LIMITED,INE302D01016,INE302D01024,,
2025/market_cap_June_2025.xlsx,2025/market_cap_December_2025.xlsx,Knowledge Marine & Engineering Works Limited,INE0CJD01011,INE0CJD01029,KMEW,2025-12-22
2025/market_cap_June_2025.xlsx,2025/market_cap_December_2025.xlsx,Tourism Finance Corpn. Of India Ltd,INE305A01015,INE305A01023,TFCILTD,2025-09-19
2025/market_cap_June_2025.xlsx,2025/market_cap_December_2025.xlsx,ALGOQUANT FINTECH LIMITED,INE598D01027,INE598D01035,,
2025/market_cap_June_2025.xlsx,2025/market_cap_December_2025.xlsx,PAUSHAK LIMITED (formerly known as Darshak Limited),INE111F01016,INE111F01024,PAUSHAKLTD,
2025/market_cap_June_2025.xlsx,2025/market_cap_December_2025.xlsx,Kellton Tech Solutions Ltd.,INE164B01022,INE164B01030,KELLTONTEC,2025-07-25
2025/market_cap_June_2025.xlsx,2025/market_cap_December_2025.xlsx,KSE Ltd.,INE953E01014,INE953E01022,,
2025/market_cap_June_2025.xlsx,2025/market_cap_December_2025.xlsx,A B INFRABUILD LIMITED,INE00YB01017,INE00YB01025,ABINFRA,2025-10-17
2025/market_cap_June_2025.xlsx,2025/market_cap_December_2025.xlsx,GHV INFRA PROJECTS LIMITED,INE809Q01012,INE809Q01020,,
2025/market_cap_June_2025.xlsx,2025/market_cap_December_2025.xlsx,Pavna Industries Limited,INE07S101020,INE07S101038,PAVNAIND,2025-09-01
2025/market_cap_June_2025.xlsx,2025/market_cap_December_2025.xlsx,SUNRAKSHAKK INDUSTRIES INDIA LIMITED,INE671K01019,INE671K01027,,
2025/market_cap_June_2025.xlsx,2025/market_cap_December_2025.xlsx,Geekay Wires Ltd.,INE669X01024,INE669X01032,GEEKAYWIRE,2025-10-30
2025/market_cap_June_2025.xlsx,2025/market_cap_December_2025.xlsx,Bemco Hydraulics Ltd.,INE142E01014,INE142E01022,,
2025/market_cap_June_2025.xlsx,2025/market_cap_December_2025.xlsx,Mini Diamonds (India) Ltd.,INE281E01010,INE281E01028,,
2025/market_cap_June_2025.xlsx,2025/market_cap_December_2025.xlsx,Shradha Infraprojects Ltd.,INE715Y01023,INE715Y01031,SHRADHA,
2025/market_cap_June_2025.xlsx,2025/market_cap_December_2025.xlsx,SIGMA SOLVE LIMITED,INE0A0S01010,INE0A0S01028,SIGMA,2025-10-06
2025/market_cap_June_2025.xlsx,2025/market_cap_December_2025.xlsx,DEV INFORMATION TECHNOLOGY LIMITED,INE060X01026,INE060X01034,DEVIT,2025-08-21
2025/market_cap_June_2025.xlsx,2025/market_cap_December_2025.xlsx,GTV Engineering Limited,INE910R01016,INE910R01024,,
2025/market_cap_June_2025.xlsx,2025/market_cap_December_2025.xlsx,Sikko Industries Ltd.,INE112X01017,INE112X01025,SIKKO,2025-11-27
2025/market_cap_June_2025.xlsx,2025/market_cap_December_2025.xlsx,Chandrima Mercantiles limited ,INE371F01016,INE371F01024,,
2025/market_cap_June_2025.xlsx,2025/market_cap_December_2025.xlsx,Welcure Drugs & Pharmaceuticals ltd,INE331C01017,INE331C01025,,
2025/market_cap_June_2025.xlsx,2025/market_cap_December_2025.xlsx,Kesar Enterprises Ltd.,INE133B01019,INE133B01027,,
2025/market_cap_June_2025.xlsx,2025/market_cap_December_2025.xlsx,Sprayking Limited,INE537U01029,INE537U01037,,
2025/market_cap_June_2025.xlsx,2025/market_cap_December_2025.xlsx,Sampre Nutritions Ltd.,INE375C01014,INE375C01022,,
2025/market_cap_June_2025.xlsx,2025/market_cap_December_2025.xlsx,TITAN INTECH LIMITED,INE807M01023,INE807M01031,,
2025/market_cap_June_2025.xlsx,2025/market_cap_December_2025.xlsx,Narmada Macplast Drip Irrigation Sy,INE060D01010,INE060D01028,,
2025/market_cap_June_2025.xlsx,2025/market_cap_December_2025.xlsx,Unison Metals Ltd,INE099D01018,INE099D01026,,
2025/market_cap_June_2025.xlsx,2025/market_cap_December_2025.xlsx,D.S.Kulkarni Developers Ltd,INE891A01014,INE891A01022,,
2025/market_cap_June_2025.xlsx,2025/market_cap_December_2025.xlsx,Sumeet Industries Ltd,INE235C01028,INE235C01036,SUMEETINDS,2025-10-03
2025/market_cap_June_2025.xlsx,2025/market_cap_December_2025.xlsx,PVV Infra Limited,INE428B01013,INE428B01021,,
2025/market_cap_June_2025.xlsx,2025/market_cap_December_2025.xlsx,Harig Crankshafts Ltd.,INE905C01026,INE905C01034,,
2025/market_cap_June_2025.xlsx,2025/market_cap_December_2025.xlsx,Neueon Towers Limited,INE333I01036,INE333I01044,NEUEON,
2025/market_cap_June_2025.xlsx,2025/market_cap_December_2025.xlsx,Synthiko Foils Ltd.,INE363L01029,INE363L01045,,
2025/market_cap_June_2025.xlsx,2025/market_cap_December_2025.xlsx,Indra Industries Ltd.,INE924N01016,INE924N01024,,
2025/market_cap_June_2025.xlsx,2025/market_cap_December_2025.xlsx,Eastern Silk Industries Limited,INE962C01027,INE962C01035,EASTSILK,
2025/market_cap_June_2025.xlsx,2025/market_cap_December_2025.xlsx,Autopal Industries Ltd.,INE335Q01018,INE335Q01026,,
2025/market_cap_June_2025.xlsx,2025/market_cap_December_2025.xlsx,Aanchal Ispat Limited,INE322R01014,INE322R01022,,
2025/market_cap_June_2025.xlsx,2025/market_cap_December_2025.xlsx,Steelco Gujarat Ltd,INE629B01024,INE629B01032,,
2025/market_cap_June_2025.xlsx,2025/market_cap_December_2025.xlsx,Space Incubatrics Technologies Limited,INE797Z01010,INE797Z01028,,
2025/market_cap_June_2025.xlsx,2025/market_cap_December_2025.xlsx,Carnation Industries Ltd.,INE081B01010,INE081B01028,,
2025/market_cap_June_2025.xlsx,2025/market_cap_December_2025.xlsx,AXIS SOLUTIONS LIMITED,INE520G01016,INE520G01024,,
2025/market_cap_June_2025.xlsx,2025/market_cap_December_2025.xlsx,Saptak Chem And Business Limited,INE467X01015,INE467X01023,,
2025/market_cap_June_2025.xlsx,2025/market_cap_December_2025.xlsx,MAXGROW INDIA LIMITED,INE485D01035,INE485D01043,,
2025/market_cap_June_2025.xlsx,2025/market_cap_December_2025.xlsx,Galada Power & Communication Ltd.,INE255C01018,INE255C01026,,
2025/market_cap_June_2025.xlsx,2025/market_cap_December_2025.xlsx,Seshachal Technologies Ltd,INE331F01010,INE331F01028,,
2025/market_cap_December_2025.xlsx,2026/market_cap_June_2026.xlsx,Kotak Mahindra Bank Ltd.,INE237A01028,INE237A01036,KOTAKBANK,2026-01-14
2025/market_cap_December_2025.xlsx,2026/market_cap_June_2026.xlsx,Multi Commodity Exchange of India Ltd,INE745G01035,INE745G01043,MCX,2026-01-02
2025/market_cap_December_2025.xlsx,2026/market_cap_June_2026.xlsx,ANGEL ONE LIMITED,INE732I01013,INE732I01021,ANGELONE,2026-02-26
2025/market_cap_December_2025.xlsx,2026/market_cap_June_2026.xlsx,V2 Retail Limited,INE945H01013,INE945H01021,V2RETAIL,2026-03-25
2025/market_cap_December_2025.xlsx,2026/market_cap_June_2026.xlsx,E2E Networks Ltd.,INE255Z01019,INE255Z01027,E2E,2026-06-05
2025/market_cap_December_2025.xlsx,2026/market_cap_June_2026.xlsx,TANFAC Industries Ltd.,INE639B01015,INE639B01023,,
2025/market_cap_December_2025.xlsx,2026/market_cap_June_2026.xlsx,Ajmera Realty & Infra India Limited,INE298G01027,INE298G01035,AJMERA,
2025/market_cap_December_2025.xlsx,2026/market_cap_June_2026.xlsx,STRING METAVERSE LIMITED,INE958L01026,INE958L01034,,
2025/market_cap_December_2025.xlsx,2026/market_cap_June_2026.xlsx,Sri Adhikari Brothers Television Ne,INE416A01044,INE416A01051,AQYLON,2026-03-05
2025/market_cap_December_2025.xlsx,2026/market_cap_June_2026.xlsx,Mobavenue AI Tech Limited,INE622Q01019,INE622Q01027,,
2025/market_cap_December_2025.xlsx,2026/market_cap_June_2026.xlsx,A-1 LIMITED,INE911Z01017,INE911Z01025,,
2025/market_cap_December_2025.xlsx,2026/market_cap_June_2026.xlsx,Le Merite Exports Ltd.,INE0G1L01017,INE0G1L01025,LEMERITE,2026-05-29
2025/market_cap_December_2025.xlsx,2026/market_cap_June_2026.xlsx,Pashupati Cotspin Limited,INE124Y01010,INE124Y01028,PASHUPATI,2026-04-17
2025/market_cap_December_2025.xlsx,2026/market_cap_June_2026.xlsx,R&B Denims Limited,INE012Q01021,INE012Q01039,RNBDENIMS,2026-04-02
2025/market_cap_December_2025.xlsx,2026/market_cap_June_2026.xlsx,Silver Touch Technologies Limited,INE625X01018,INE625X01026,SILVERTUC,2026-03-06
2025/market_cap_December_2025.xlsx,2026/market_cap_June_2026.xlsx,SKM Egg Products Exports (India) Lt,INE411D01015,INE411D01023,SKMEGGPROD,2026-01-12
2025/market_cap_December_2025.xlsx,2026/market_cap_June_2026.xlsx,BEST AGROLIFE LIMITED,INE052T01013,INE052T01021,BESTAGRO,2026-01-16
2025/market_cap_December_2025.xlsx,2026/market_cap_June_2026.xlsx,ANLON HEALTHCARE LIMITED,INE0Y8W01017,INE0Y8W01025,AHCL,2026-04-24
2025/market_cap_December_2025.xlsx,2026/market_cap_June_2026.xlsx,Titan Bio-Tech Ltd.,INE150C01011,INE150C01029,,
2025/market_cap_December_2025.xlsx,2026/market_cap_June_2026.xlsx,Deepak Builders and Engineers India Limited,INE0OPA01019,INE0OPA01027,DBEIL,2026-06-19
2025/market_cap_December_2025.xlsx,2026/market_cap_June_2026.xlsx,VARVEE GLOBAL LIMITED,INE273D01019,INE273D01027,VGL,2026-03-02
2025/market_cap_December_2025.xlsx,2026/market_cap_June_2026.xlsx,HINDUSTHAN URBAN INFRASTRUCTURE LIMITED,INE799B01017,INE799B01025,,
2025/market_cap_December_2025.xlsx,2026/market_cap_June_2026.xlsx,DELPHI WORLD MONEY LIMITED,INE726L01019,INE726L01027,DELPHIFX,2026-02-13
2025/market_cap_December_2025.xlsx,2026/market_cap_June_2026.xlsx,Manbro Industries Limited,INE348N01034,INE348N01042,,
2025/market_cap_December_2025.xlsx,2026/market_cap_June_2026.xlsx,United Van Der Horst Ltd.,INE890G01021,INE890G01047,,
2025/market_cap_December_2025.xlsx,2026/market_cap_June_2026.xlsx,Avro India Limited,INE652Z01017,INE652Z01025,AVROIND,2026-05-05
2025/market_cap_December_2025.xlsx,2026/market_cap_June_2026.xlsx,Sanmit Infra Limited,INE799C01031,INE799C01049,,
2025/market_cap_December_2025.xlsx,2026/market_cap_June_2026.xlsx,F MEC INTERNATIONAL FINANCIAL SERVICES LIMITED,INE108T01013,INE108T01021,,
2025/market_cap_December_2025.xlsx,2026/market_cap_June_2026.xlsx,CASPIAN CORPORATE SERVICES LIMITED,INE176N01021,INE176N01039,,
2025/market_cap_December_2025.xlsx,2026/market_cap_June_2026.xlsx,FYNX CAPITAL LIMITED,INE455H01013,INE455H01021,,
2025/market_cap_December_2025.xlsx,2026/market_cap_June_2026.xlsx,Gautam Exim Limited,INE721X01015,INE721X01023,,
2025/market_cap_December_2025.xlsx,2026/market_cap_June_2026.xlsx,Dev Labtech Venture Limited,INE0NIJ01017,INE0NIJ01025,,
2025/market_cap_December_2025.xlsx,2026/market_cap_June_2026.xlsx,Meera Industries Limited,INE343X01018,INE343X01026,,
2025/market_cap_December_2025.xlsx,2026/market_cap_June_2026.xlsx,Alka India Ltd.,INE061B01020,INE061B01038,,
2025/market_cap_December_2025.xlsx,2026/market_cap_June_2026.xlsx,Omega Interactive Technologies Ltd.,INE113B01029,INE113B01037,,
2025/market_cap_December_2025.xlsx,2026/market_cap_June_2026.xlsx,IB Infotech Enterprises Ltd,INE678B01021,INE678B01039,,
2025/market_cap_December_2025.xlsx,2026/market_cap_June_2026.xlsx,Spentex Industries Ltd.,INE376C01020,INE376C01038,CLCIND,
2025/market_cap_December_2025.xlsx,2026/market_cap_June_2026.xlsx,Avax Apparels and Ornaments Limited,INE0NQ401016,INE0NQ401024,,
2025/market_cap_December_2025.xlsx,2026/market_cap_June_2026.xlsx,Cian Healthcare Limited,INE05BN01019,INE05BN01027,,
2025/market_cap_December_2025.xlsx,2026/market_cap_June_2026.xlsx,RCI Industries & Technologies Limited,INE140B01014,INE140B01048,,
2025/market_cap_December_2025.xlsx,2026/market_cap_June_2026.xlsx,PAE LTd.,INE766A01018,INE766A01026,,
2025/market_cap_December_2025.xlsx,2026/market_cap_June_2026.xlsx,Global Infratech & Finance limited,INE377M01035,INE377M01043,,
2025/market_cap_December_2025.xlsx,2026/market_cap_June_2026.xlsx,Kanel Industries Limited,INE252C01015,INE252C01023,,
2025/market_cap_December_2025.xlsx,2026/market_cap_June_2026.xlsx,Taaza International Limited,INE392H01018,INE392H01026,,
2025/market_cap_December_2025.xlsx,2026/market_cap_June_2026.xlsx,D. D. Ventures Limited,INE458T01012,INE458T01020,,
2025/market_cap_December_2025.xlsx,2026/market_cap_June_2026.xlsx,Viksit Engineering Ltd,INE965V01012,INE965V01020,,
